legacy_url,legacy_title,legacy_canonical,gsc_16m_impressions,gsc_16m_clicks,target_url,class,note
https://dyshovi.space-glass.com.ua/,Душевые кабины из закаленного стекла под Ваши размеры от Space Glass,https://space-glass.com.ua/,549,22,https://space-glass.com.ua/ru/dushovi-kabiny/,A,showers landing
https://dyshovi.space-glass.com.ua/dushevie-kabinu,Модели душевых кабинок Space Glass,https://dyshovi.space-glass.com.ua/dushevie-kabinu,91,1,https://space-glass.com.ua/ru/dushovi-kabiny/,A,shower models list
https://dyshovi.space-glass.com.ua/ourwork,Душевые кабинки Space Glass,https://dyshovi.space-glass.com.ua/ourwork,344,9,https://space-glass.com.ua/ru/project/,A,portfolio
https://dyshovi.space-glass.com.ua/delivery,Доставка продукции Space Glass,https://dyshovi.space-glass.com.ua/delivery,29,0,https://space-glass.com.ua/ru/delivery-payment/,A,delivery
https://dyshovi.space-glass.com.ua/contacts,Контакты Space Glass,https://dyshovi.space-glass.com.ua/contacts,708,17,https://space-glass.com.ua/ru/contacts/,A,contacts
https://dyshovi.space-glass.com.ua/dushevay-kabina-s-raspashnymi-dvermi-apus,Угловая душевая из закалённого стекла - Аpus,https://dyshovi.space-glass.com.ua/dushevay-kabina-s-raspashnymi-dvermi-apus,0,0,https://space-glass.com.ua/ru/dushovi-kabiny/kytova-dushova-kabina/,A,corner cabin; model discontinued (same rule as /product/*apus|libra*)
https://dyshovi.space-glass.com.ua/dushevay-kabina-s-raspashnymi-dvermi-apus-black,Угловая душевая из закалённого стекла под заказ с чёрной фурнитурой,https://dyshovi.space-glass.com.ua/dushevay-kabina-s-raspashnymi-dvermi-apus-black,14,0,https://space-glass.com.ua/ru/dushovi-kabiny/kytova-dushova-kabina/,A,corner cabin; model discontinued (same rule as /product/*apus|libra*)
https://dyshovi.space-glass.com.ua/dushevay-kabina-s-raspashnymi-dvermi-pictor,Угловая душевая из закалённого стекла - Pictor,https://dyshovi.space-glass.com.ua/dushevay-kabina-s-raspashnymi-dvermi-pictor,0,0,https://space-glass.com.ua/ru/dushovi-kabiny/piatykutni/,A,trapezoid (pentagonal) cabin; model discontinued
https://dyshovi.space-glass.com.ua/dushevay-kabina-s-raspashnymi-dvermi-pictor-black,Душевые кабины из закаленного стекла Pictor Black с чёрной фурнитурой под Ваши размеры от ,https://dyshovi.space-glass.com.ua/dushevay-kabina-s-raspashnymi-dvermi-pictor-black,3,0,https://space-glass.com.ua/ru/dushovi-kabiny/piatykutni/,A,trapezoid (pentagonal) cabin; model discontinued
https://dyshovi.space-glass.com.ua/dushevay-kabina-s-dvumya-raspashnymi-dvermi-gemini,Угловая душевая из закалённого стекла - Gemini,https://dyshovi.space-glass.com.ua/dushevay-kabina-s-dvumya-raspashnymi-dvermi-gemini,0,0,https://space-glass.com.ua/ru/dushovi-kabiny/kytova-dushova-kabina/,A,corner cabin; model discontinued (same rule as /product/*apus|libra*)
https://dyshovi.space-glass.com.ua/dushevay-kabina-s-raspashnymi-dvermi-mensa,Душевые кабины Mensa из стекла под Ваши размеры от Space Glass,https://dyshovi.space-glass.com.ua/dushevay-kabina-s-raspashnymi-dvermi-mensa,0,0,https://space-glass.com.ua/ru/dushovi-kabiny/kytova-dushova-kabina/,A,corner cabin; model discontinued (same rule as /product/*apus|libra*)
https://dyshovi.space-glass.com.ua/dushevaya-kabina-s-razdvizhnumi-dvermi-libra,Угловая раздвижная душевая из закалённого стекла с двумя дверьми - Libra,https://dyshovi.space-glass.com.ua/dushevaya-kabina-s-razdvizhnumi-dvermi-libra,0,0,https://space-glass.com.ua/ru/dushovi-kabiny/kytova-dushova-kabina/,A,corner cabin; model discontinued (same rule as /product/*apus|libra*)
https://dyshovi.space-glass.com.ua/dushevay-kabina-s-raspashnymi-dvermi-sagitta,Угловая распашная душевая из закалённого стекла - Sagitta,https://dyshovi.space-glass.com.ua/dushevay-kabina-s-raspashnymi-dvermi-sagitta,0,0,https://space-glass.com.ua/ru/dushovi-kabiny/kytova-dushova-kabina/,A,corner cabin; model discontinued (same rule as /product/*apus|libra*)
https://dyshovi.space-glass.com.ua/dushevay-dver-v-vanny-ara,Дверь для душа из закалённого стекла - Ara,https://dyshovi.space-glass.com.ua/dushevay-dver-v-vanny-ara,0,0,https://space-glass.com.ua/ru/dushovi-kabiny/dveri-dlya-dushu/,A,shower door; model discontinued
https://dyshovi.space-glass.com.ua/dushevay-dver-v-vanny-aries,Двери для душа из закалённого стекла - Aries,https://dyshovi.space-glass.com.ua/dushevay-dver-v-vanny-aries,0,0,https://space-glass.com.ua/ru/dushovi-kabiny/dveri-dlya-dushu/,A,shower door; model discontinued
https://dyshovi.space-glass.com.ua/dushevay-dver-v-vanny-virgo,Дверь для душа с заплечиком из закалённого стекла - Virgo,https://dyshovi.space-glass.com.ua/dushevay-dver-v-vanny-virgo,0,0,https://space-glass.com.ua/ru/dushovi-kabiny/u-nishu/,A,door + fixed panel for a niche; model discontinued
https://dyshovi.space-glass.com.ua/dushevay-dver-v-vanny-tucana,Дверь для душа с заплечиком из закалённого стекла - Tucana,https://dyshovi.space-glass.com.ua/dushevay-dver-v-vanny-tucana,0,0,https://space-glass.com.ua/ru/dushovi-kabiny/u-nishu/,A,door + fixed panel for a niche; model discontinued
https://dyshovi.space-glass.com.ua/dushevay-dver-v-vanny-octans,Дверь для душа с заплечиком из закалённого стекла - Octans,https://dyshovi.space-glass.com.ua/dushevay-dver-v-vanny-octans,0,0,https://space-glass.com.ua/ru/dushovi-kabiny/u-nishu/,A,door + fixed panel for a niche; model discontinued
https://dyshovi.space-glass.com.ua/dushevay-dver-v-vanny-eridanus,Дверь для душа с двумя заплечиками из закалённого стекла - Eridanus,https://dyshovi.space-glass.com.ua/dushevay-dver-v-vanny-eridanus,0,0,https://space-glass.com.ua/ru/dushovi-kabiny/u-nishu/,A,door + fixed panel for a niche; model discontinued
https://dyshovi.space-glass.com.ua/dushevaya-kabina-s-dvumya-razdvizhnymi-dvermi-libra-black,Угловая раздвижная душевая из закалённого стекла с двумя дверьми - Libra Black,https://dyshovi.space-glass.com.ua/dushevaya-kabina-s-dvumya-razdvizhnymi-dvermi-libra-black,14,0,https://space-glass.com.ua/ru/dushovi-kabiny/kytova-dushova-kabina/,A,corner cabin; model discontinued (same rule as /product/*apus|libra*)
https://dyshovi.space-glass.com.ua/dushevaya-kabina-s-razdvizhnoi-dvery-vela,Угловая раздвижная душевая с раздвижной дверью из закалённого стекла - Vela,https://dyshovi.space-glass.com.ua/dushevaya-kabina-s-razdvizhnoi-dvery-vela,0,0,https://space-glass.com.ua/ru/dushovi-kabiny/kytova-dushova-kabina/,A,corner cabin; model discontinued (same rule as /product/*apus|libra*)
https://dyshovi.space-glass.com.ua/dushevaya-kabina-s-razdvizhnoi-dvery-lynx,Раздвижная душевая от стены к стене из закалённого стекла- Lynx,https://dyshovi.space-glass.com.ua/dushevaya-kabina-s-razdvizhnoi-dvery-lynx,0,0,https://space-glass.com.ua/ru/dushovi-kabiny/rozsuvni/,A,sliding cabin; model discontinued
https://dyshovi.space-glass.com.ua/dushevaya-kabina-s-razdvizhnoi-dvery-auriga,Раздвижная душевая с раздвижной дверью и заплечиками из закалённого стекла - Auriga,https://dyshovi.space-glass.com.ua/dushevaya-kabina-s-razdvizhnoi-dvery-auriga,0,0,https://space-glass.com.ua/ru/dushovi-kabiny/rozsuvni/,A,sliding cabin; model discontinued
https://dyshovi.space-glass.com.ua/dushevaya-kabina-s-dvumya-razdvizhnymi-dvermi-libra,Раздвижная душевая из закалённого стекла с двумя дверьми - Libra,https://dyshovi.space-glass.com.ua/dushevaya-kabina-s-dvumya-razdvizhnymi-dvermi-libra,0,0,https://space-glass.com.ua/ru/dushovi-kabiny/rozsuvni/,A,sliding cabin; model discontinued
https://dyshovi.space-glass.com.ua/dushevaya-kabina-s-razdvizhnymi-dvermi-pavo,Раздвижная душевая с двумя дверями и заплечиками из закалённого стекла - Pavo,https://dyshovi.space-glass.com.ua/dushevaya-kabina-s-razdvizhnymi-dvermi-pavo,16,0,https://space-glass.com.ua/ru/dushovi-kabiny/rozsuvni/,A,sliding cabin; model discontinued
https://dyshovi.space-glass.com.ua/dushevye-peregorodki-aguila,Стеклянная Перегородка Шторка в ванную из закалённого стекла - Aguila,https://dyshovi.space-glass.com.ua/dushevye-peregorodki-aguila,519,1,https://space-glass.com.ua/ru/dushovi-kabiny/peregorodka-dlya-dusha/,A,shower partition / walk-in; model discontinued
https://dyshovi.space-glass.com.ua/dushevye-peregorodki-lupus,Стеклянная Перегородка Шторка в ванную из закалённого стекла - Lupus,https://dyshovi.space-glass.com.ua/dushevye-peregorodki-lupus,0,0,https://space-glass.com.ua/ru/dushovi-kabiny/peregorodka-dlya-dusha/,A,shower partition / walk-in; model discontinued
https://dyshovi.space-glass.com.ua/dushevye-peregorodki-dorado,Стеклянная Перегородка Шторка в ванную из закалённого стекла - Dorado,https://dyshovi.space-glass.com.ua/dushevye-peregorodki-dorado,58,0,https://space-glass.com.ua/ru/dushovi-kabiny/peregorodka-dlya-dusha/,A,shower partition / walk-in; model discontinued
https://dyshovi.space-glass.com.ua/dushevye-peregorodki-antlia,Стеклянная Перегородка Шторка в ванную из закалённого стекла - Antlia,https://dyshovi.space-glass.com.ua/dushevye-peregorodki-antlia,0,0,https://space-glass.com.ua/ru/dushovi-kabiny/peregorodka-dlya-dusha/,A,shower partition / walk-in; model discontinued
https://dyshovi.space-glass.com.ua/shtorka-na-vanny-orion,Стеклянная дверь Шторка на ванную из закалённого стекла - Orion,https://dyshovi.space-glass.com.ua/shtorka-na-vanny-orion,11,0,https://space-glass.com.ua/ru/dushovi-kabiny/shtorky-dlya-vannoyi/,A,bath screen; model discontinued
https://dyshovi.space-glass.com.ua/shtorka-na-vanny-columba,Стеклянная дверь Шторка на ванную из закалённого стекла - Columba,https://dyshovi.space-glass.com.ua/shtorka-na-vanny-columba,7,0,https://space-glass.com.ua/ru/dushovi-kabiny/shtorky-dlya-vannoyi/,A,bath screen; model discontinued
https://dyshovi.space-glass.com.ua/shtorka-na-vanny-taurus,Стеклянная дверь Шторка на ванную из закалённого стекла - Taurus,https://dyshovi.space-glass.com.ua/shtorka-na-vanny-taurus,0,0,https://space-glass.com.ua/ru/dushovi-kabiny/shtorky-dlya-vannoyi/,A,bath screen; model discontinued
https://dyshovi.space-glass.com.ua/shtorka-na-vanny-hydra,Стеклянная дверь Шторка на ванную с раздвижной дверью из закалённого стекла - Hydra,https://dyshovi.space-glass.com.ua/shtorka-na-vanny-hydra,0,0,https://space-glass.com.ua/ru/dushovi-kabiny/shtorky-dlya-vannoyi/,A,bath screen; model discontinued
https://dyshovi.space-glass.com.ua/shtorka-na-vanny-corvus,Стеклянная дверь Шторка на ванную с раздвижной дверью из закалённого стекла - Corvus,https://dyshovi.space-glass.com.ua/shtorka-na-vanny-corvus,0,0,https://space-glass.com.ua/ru/dushovi-kabiny/shtorky-dlya-vannoyi/,A,bath screen; model discontinued
https://dyshovi.space-glass.com.ua/shtorka-na-vanny-pegasus,Стеклянная дверь Шторка на ванную с раздвижной дверью из закалённого стекла - Pegasus,https://dyshovi.space-glass.com.ua/shtorka-na-vanny-pegasus,0,0,https://space-glass.com.ua/ru/dushovi-kabiny/shtorky-dlya-vannoyi/,A,bath screen; model discontinued
https://dyshovi.space-glass.com.ua/shtorka-na-vanny-lyra-black,Стеклянная дверь Шторка на ванную из закалённого стекла - Lyra Black,https://dyshovi.space-glass.com.ua/shtorka-na-vanny-lyra-black,0,0,https://space-glass.com.ua/ru/dushovi-kabiny/shtorky-dlya-vannoyi/,A,bath screen; model discontinued
https://dyshovi.space-glass.com.ua/shtorka-na-vanny-taurus-black,Стеклянная дверь Шторка на ванную из закалённого стекла - Taurus Black,https://dyshovi.space-glass.com.ua/shtorka-na-vanny-taurus-black,0,0,https://space-glass.com.ua/ru/dushovi-kabiny/shtorky-dlya-vannoyi/,A,bath screen; model discontinued
https://dyshovi.space-glass.com.ua/shtorka-na-vanny-lyra,Стеклянная дверь Шторка на ванную из закалённого стекла - Lyra,https://dyshovi.space-glass.com.ua/shtorka-na-vanny-lyra,0,0,https://space-glass.com.ua/ru/dushovi-kabiny/shtorky-dlya-vannoyi/,A,bath screen; model discontinued
https://dyshovi.space-glass.com.ua/dushevye-peregorodki-aguilablack,Перегородка из стекла в ванную комнату - Aguila Black,https://dyshovi.space-glass.com.ua/dushevye-peregorodki-aguilablack,0,0,https://space-glass.com.ua/ru/dushovi-kabiny/peregorodka-dlya-dusha/,A,shower partition / walk-in; model discontinued
https://dyshovi.space-glass.com.ua/dushevye-peregorodki-leo-black,Перегородка из стекла в ванную комнату - Leo Black,https://dyshovi.space-glass.com.ua/dushevye-peregorodki-leo-black,0,0,https://space-glass.com.ua/ru/dushovi-kabiny/peregorodka-dlya-dusha/,A,shower partition / walk-in; model discontinued
https://dyshovi.space-glass.com.ua/dushevye-peregorodki-phenix-black,Перегородка из стекла в ванную комнату - Phenix Black,https://dyshovi.space-glass.com.ua/dushevye-peregorodki-phenix-black,0,0,https://space-glass.com.ua/ru/dushovi-kabiny/peregorodka-dlya-dusha/,A,shower partition / walk-in; model discontinued
https://dyshovi.space-glass.com.ua/dushevay-dver-v-vanny-ara-black,Дверь для душа из закалённого стекла - Ara Black,https://dyshovi.space-glass.com.ua/dushevay-dver-v-vanny-ara-black,0,0,https://space-glass.com.ua/ru/dushovi-kabiny/dveri-dlya-dushu/,A,shower door; model discontinued
https://dyshovi.space-glass.com.ua/loftperegorodki,Стеклянные Loft перегородки под Ваши размеры от Space Glass,https://dyshovi.space-glass.com.ua/loftperegorodki,0,0,https://space-glass.com.ua/ru/sklyani-perehorodky/loft-sklyani-peregorodku/,A,loft partitions
https://dyshovi.space-glass.com.ua/dushevie,Душевые кабины под Ваши размеры от Space Glass,https://dyshovi.space-glass.com.ua/dushevie,0,0,https://space-glass.com.ua/ru/dushovi-kabiny/,A,showers landing
https://dyshovi.space-glass.com.ua/kiev,Душевые кабины в Киеве под Ваши размеры от Space Glass,https://dyshovi.space-glass.com.ua/kiev,0,0,https://space-glass.com.ua/ru/dushovi-kabiny/,B,showers in Kyiv; /city/kyiv/ is broader
https://dyshovi.space-glass.com.ua/razdvijnie-dveri,Стильные раздвижные двери под Ваши размеры от Space Glass,https://dyshovi.space-glass.com.ua/razdvijnie-dveri,0,0,https://space-glass.com.ua/ru/sklyani-dveri/rozsuvni-sklyani-dveri/,A,sliding glass doors
https://dyshovi.space-glass.com.ua/thank-you-page,Страница благодарности,https://dyshovi.space-glass.com.ua/thank-you-page,0,0,,C,form thank-you page
https://ua.space-glass.com.ua/,SpaceGlass ///,https://ua.space-glass.com.ua,352,9,https://space-glass.com.ua/dushovi-kabiny/,A,showers landing
https://ua.space-glass.com.ua/kabinki,Моделi душових кабiнок Space Glass,https://ua.space-glass.com.ua/kabinki,9,0,https://space-glass.com.ua/dushovi-kabiny/,A,shower models list
https://ua.space-glass.com.ua/ourwork,Душові кабінки Space Glass,https://ua.space-glass.com.ua/ourwork,0,0,https://space-glass.com.ua/project/,A,portfolio
https://ua.space-glass.com.ua/delivery,Доставка продукції Space Glass,https://ua.space-glass.com.ua/delivery,17,0,https://space-glass.com.ua/delivery-payment/,A,delivery
https://ua.space-glass.com.ua/contacts,Контакти Space Glass,https://ua.space-glass.com.ua/contacts,188,2,https://space-glass.com.ua/contacts/,A,contacts
https://ua.space-glass.com.ua/sklo_prorahunok,Прайс Стекло Калькулятор,https://ua.space-glass.com.ua/sklo_prorahunok,0,0,,C,glass price calculator; no general glass calculator
https://ua.space-glass.com.ua/kabinka3,Кутова розпашна - Apus,https://ua.space-glass.com.ua/kabinka3,4,0,https://space-glass.com.ua/dushovi-kabiny/kytova-dushova-kabina/,A,corner cabin; model discontinued (same rule as /product/*apus|libra*)
https://ua.space-glass.com.ua/kabinka4,Кутова трапецiя - Pictor,https://ua.space-glass.com.ua/kabinka4,2,0,https://space-glass.com.ua/dushovi-kabiny/piatykutni/,A,trapezoid (pentagonal) cabin; model discontinued
https://ua.space-glass.com.ua/kabinka12,Кутова розпашна 2 дверi - Gemini,https://ua.space-glass.com.ua/kabinka12,0,0,https://space-glass.com.ua/dushovi-kabiny/kytova-dushova-kabina/,A,corner cabin; model discontinued (same rule as /product/*apus|libra*)
https://ua.space-glass.com.ua/kabinka13,Кутовi 2 скла - Mensa,https://ua.space-glass.com.ua/kabinka13,0,0,https://space-glass.com.ua/dushovi-kabiny/kytova-dushova-kabina/,A,corner cabin; model discontinued (same rule as /product/*apus|libra*)
https://ua.space-glass.com.ua/kabinka14,Кутова розсувна - Libra,https://ua.space-glass.com.ua/kabinka14,5,0,https://space-glass.com.ua/dushovi-kabiny/kytova-dushova-kabina/,A,corner cabin; model discontinued (same rule as /product/*apus|libra*)
https://ua.space-glass.com.ua/kabinka16,Кутовi дверi на стiнi - Sagitta,https://ua.space-glass.com.ua/kabinka16,0,0,https://space-glass.com.ua/dushovi-kabiny/kytova-dushova-kabina/,A,corner cabin; model discontinued (same rule as /product/*apus|libra*)
https://ua.space-glass.com.ua/kabinka8,Дверi для Душу - Ara,https://ua.space-glass.com.ua/kabinka8,0,0,https://space-glass.com.ua/dushovi-kabiny/dveri-dlya-dushu/,A,shower door; model discontinued
https://ua.space-glass.com.ua/kabinka9,Дверi для Душу - Aries,https://ua.space-glass.com.ua/kabinka9,0,0,https://space-glass.com.ua/dushovi-kabiny/dveri-dlya-dushu/,A,shower door; model discontinued
https://ua.space-glass.com.ua/kabinka7,Дверi для Душу - Virgo,https://ua.space-glass.com.ua/kabinka7,0,0,https://space-glass.com.ua/dushovi-kabiny/u-nishu/,A,door + fixed panel for a niche; model discontinued
https://ua.space-glass.com.ua/kabinka6,Дверi для Душу - Tucana,https://ua.space-glass.com.ua/kabinka6,0,0,https://space-glass.com.ua/dushovi-kabiny/u-nishu/,A,door + fixed panel for a niche; model discontinued
https://ua.space-glass.com.ua/kabinka10,Дверi для Душу - Octans,https://ua.space-glass.com.ua/kabinka10,0,0,https://space-glass.com.ua/dushovi-kabiny/u-nishu/,A,door + fixed panel for a niche; model discontinued
https://ua.space-glass.com.ua/kabinka11,Дверi для Душу - Eridanus,https://ua.space-glass.com.ua/kabinka11,0,0,https://space-glass.com.ua/dushovi-kabiny/u-nishu/,A,door + fixed panel for a niche; model discontinued
https://ua.space-glass.com.ua/kabinka15,Розувна кутова - Vela,https://ua.space-glass.com.ua/kabinka15,0,0,https://space-glass.com.ua/dushovi-kabiny/kytova-dushova-kabina/,A,corner cabin; model discontinued (same rule as /product/*apus|libra*)
https://ua.space-glass.com.ua/kabinka17,Розсувна 2 скла - Lynx,https://ua.space-glass.com.ua/kabinka17,0,0,https://space-glass.com.ua/dushovi-kabiny/rozsuvni/,A,sliding cabin; model discontinued
https://ua.space-glass.com.ua/kabinka18,Розсувна 3 скла - Auriga,https://ua.space-glass.com.ua/kabinka18,0,0,https://space-glass.com.ua/dushovi-kabiny/rozsuvni/,A,sliding cabin; model discontinued
https://ua.space-glass.com.ua/kabinka28,Розсувна - Libra,https://ua.space-glass.com.ua/kabinka28,0,0,https://space-glass.com.ua/dushovi-kabiny/rozsuvni/,A,sliding cabin; model discontinued
https://ua.space-glass.com.ua/kabinka19,Розсувна 4 скла - Pavo,https://ua.space-glass.com.ua/kabinka19,0,0,https://space-glass.com.ua/dushovi-kabiny/rozsuvni/,A,sliding cabin; model discontinued
https://ua.space-glass.com.ua/kabinka5,Перегородка - Aguila,https://ua.space-glass.com.ua/kabinka5,8,0,https://space-glass.com.ua/dushovi-kabiny/peregorodka-dlya-dusha/,A,shower partition / walk-in; model discontinued
https://ua.space-glass.com.ua/kabinka20,Перегородка - Lupus,https://ua.space-glass.com.ua/kabinka20,0,0,https://space-glass.com.ua/dushovi-kabiny/peregorodka-dlya-dusha/,A,shower partition / walk-in; model discontinued
https://ua.space-glass.com.ua/kabinka21,Перегородка - Dorado,https://ua.space-glass.com.ua/kabinka21,0,0,https://space-glass.com.ua/dushovi-kabiny/peregorodka-dlya-dusha/,A,shower partition / walk-in; model discontinued
https://ua.space-glass.com.ua/kabinka22,Перегородка - Antlia,https://ua.space-glass.com.ua/kabinka22,0,0,https://space-glass.com.ua/dushovi-kabiny/peregorodka-dlya-dusha/,A,shower partition / walk-in; model discontinued
https://ua.space-glass.com.ua/kabinka1,Шторки на Ванну - Orion,https://ua.space-glass.com.ua/kabinka1,0,0,https://space-glass.com.ua/dushovi-kabiny/shtorky-dlya-vannoyi/,A,bath screen; model discontinued
https://ua.space-glass.com.ua/kabinka23,Шторки на Ванную - Columba,https://ua.space-glass.com.ua/kabinka23,8,0,https://space-glass.com.ua/dushovi-kabiny/shtorky-dlya-vannoyi/,A,bath screen; model discontinued
https://ua.space-glass.com.ua/kabinka24,Шторки на Ванну - Taurus,https://ua.space-glass.com.ua/kabinka24,0,0,https://space-glass.com.ua/dushovi-kabiny/shtorky-dlya-vannoyi/,A,bath screen; model discontinued
https://ua.space-glass.com.ua/kabinka25,Шторки на Ванну - Hydra,https://ua.space-glass.com.ua/kabinka25,0,0,https://space-glass.com.ua/dushovi-kabiny/shtorky-dlya-vannoyi/,A,bath screen; model discontinued
https://ua.space-glass.com.ua/kabinka26,Шторки на Ванну - Corvus,https://ua.space-glass.com.ua/kabinka26,0,0,https://space-glass.com.ua/dushovi-kabiny/shtorky-dlya-vannoyi/,A,bath screen; model discontinued
https://ua.space-glass.com.ua/kabinka27,Шторки на Ванну - Pegasus,https://ua.space-glass.com.ua/kabinka27,0,0,https://space-glass.com.ua/dushovi-kabiny/shtorky-dlya-vannoyi/,A,bath screen; model discontinued
https://ua.space-glass.com.ua/kabinka29,Кутова розпашна - Apus Black,https://ua.space-glass.com.ua/kabinka29,0,0,https://space-glass.com.ua/dushovi-kabiny/kytova-dushova-kabina/,A,corner cabin; model discontinued (same rule as /product/*apus|libra*)
https://ua.space-glass.com.ua/page33475921.html,Copy of Кутова розпашна - Apus,https://ua.space-glass.com.ua/page33475921.html,0,0,https://space-glass.com.ua/dushovi-kabiny/kytova-dushova-kabina/,A,corner cabin; model discontinued (same rule as /product/*apus|libra*)
https://vikna.space-glass.com.ua/%d0%bf%d1%80%d0%b8%d0%b2%d1%96%d1%82-%d1%81%d0%b2%d1%96%d1%82/,"Привіт, світ! - vikna.space-glass",https://vikna.space-glass.com.ua/привіт-світ/,0,0,,C,"WordPress junk (hello-world post, category, author)"
https://vikna.space-glass.com.ua/ru/привіт-світ/,"Привіт, світ! - vikna.space-glass",https://vikna.space-glass.com.ua/ru/привіт-світ/,0,0,,C,"WordPress junk (hello-world post, category, author)"
https://vikna.space-glass.com.ua/,Space Glass - Алюмінієві вікна | Двері | Фасади | Вигідна ціна,https://vikna.space-glass.com.ua/,907,5,https://space-glass.com.ua/alyuminiyevi-konstrukcziyi/,A,aluminium windows/doors/facades landing
https://vikna.space-glass.com.ua/ru/,Space Glass - Алюминиевые окна | Двери | Фасады | Выгодная цена,https://vikna.space-glass.com.ua/ru/,1772,8,https://space-glass.com.ua/ru/alyuminiyevi-konstrukcziyi/,A,aluminium windows/doors/facades landing
https://vikna.space-glass.com.ua/category/%d0%b1%d0%b5%d0%b7-%d0%ba%d0%b0%d1%82%d0%b5%d0%b3%d0%be%d1%80%d1%96%d1%97/,Без категорії Архіви - vikna.space-glass,https://vikna.space-glass.com.ua/category/без-категорії/,0,0,,C,"WordPress junk (hello-world post, category, author)"
https://vikna.space-glass.com.ua/ru/category/без-категорії/,Без категорії Архіви - vikna.space-glass,https://vikna.space-glass.com.ua/ru/category/без-категорії/,0,0,,C,"WordPress junk (hello-world post, category, author)"
https://vikna.space-glass.com.ua/author/admin/,"admin, автор у vikna.space-glass",https://vikna.space-glass.com.ua/author/admin/,0,0,,C,"WordPress junk (hello-world post, category, author)"
https://vikna.space-glass.com.ua/ru/author/admin/,"admin, автор у vikna.space-glass",https://vikna.space-glass.com.ua/ru/author/admin/,0,0,,C,"WordPress junk (hello-world post, category, author)"
https://bezramne.space-glass.com.ua/,SpaceGlass Безрамное Остекление,https://bezramne.space-glass.com.ua,12,0,https://space-glass.com.ua/ru/bezramne-sklinnya/,A,frameless catalogue home → RU frameless hub
https://bezramne.space-glass.com.ua/product,Системы Безрамного Остекления,https://bezramne.space-glass.com.ua/product,,,https://space-glass.com.ua/ru/bezramne-sklinnya/,A,systems catalogue → RU frameless hub
https://bezramne.space-glass.com.ua/tiaramax,Системы Безрамного Остекления - TIARA MAX,https://bezramne.space-glass.com.ua/tiaramax,,,https://space-glass.com.ua/ru/bezramne-sklinnya/povorotno-skladni-systemy/,A,TIARA MAX card on target
https://bezramne.space-glass.com.ua/tiaramaxflat,Системы Безрамного Остекления - TIARA MAX FLAT,https://bezramne.space-glass.com.ua/tiaramaxflat,,,https://space-glass.com.ua/ru/bezramne-sklinnya/povorotno-skladni-systemy/,A,TIARA MAX FLAT card on target
https://bezramne.space-glass.com.ua/tiaratwin,Системы Безрамного Остекления - TIARA TWIN,https://bezramne.space-glass.com.ua/tiaratwin,,,https://space-glass.com.ua/ru/bezramne-sklinnya/povorotno-skladni-systemy/,A,TIARA TWIN card on target
https://bezramne.space-glass.com.ua/tiaratwinflat,Системы Безрамного Остекления - TIARA TWIN FLAT,https://bezramne.space-glass.com.ua/tiaratwinflat,,,https://space-glass.com.ua/ru/bezramne-sklinnya/teple-bezramne-sklinnya/,A,TIARA TWIN FLAT card on target (double glazing)
https://bezramne.space-glass.com.ua/slidingslim,Системы Безрамного Остекления - Sliding Slim,https://bezramne.space-glass.com.ua/slidingslim,,,https://space-glass.com.ua/ru/bezramne-sklinnya/sklyani-rozsuvni-systemy/,A,SLIDING SLIM card on target
https://bezramne.space-glass.com.ua/slidingsmart,Системы Безрамного Остекления - Sliding Smart,https://bezramne.space-glass.com.ua/slidingsmart,,,https://space-glass.com.ua/ru/bezramne-sklinnya/sklyani-rozsuvni-systemy/,A,SLIDING SMART card on target
https://bezramne.space-glass.com.ua/slidingtrack,Системы Безрамного Остекления - Sliding TRACK,https://bezramne.space-glass.com.ua/slidingtrack,,,https://space-glass.com.ua/ru/bezramne-sklinnya/sklyani-rozsuvni-systemy/,A,SLIDING TRACK card on target
https://bezramne.space-glass.com.ua/slidingmaxslim,Системы Безрамного Остекления - SLIDING MAX SLIM,https://bezramne.space-glass.com.ua/slidingmaxslim,,,https://space-glass.com.ua/ru/bezramne-sklinnya/teple-bezramne-sklinnya/,A,SLIDING MAX SLIM card on target (double glazing)
https://bezramne.space-glass.com.ua/slidingmaxtrack,Безрамного Остекления - SLIDING MAX TRACK,https://bezramne.space-glass.com.ua/slidingmaxtrack,,,https://space-glass.com.ua/ru/bezramne-sklinnya/teple-bezramne-sklinnya/,A,SLIDING MAX TRACK card on target (double glazing)
https://bezramne.space-glass.com.ua/gilotinamono,Вертикально-сдвижная автоматическая система GILIOTINA MONО,https://bezramne.space-glass.com.ua/gilotinamono,,,https://space-glass.com.ua/ru/bezramne-sklinnya/giljotynni-systemy/,A,GILIOTINA MONO card on target
https://bezramne.space-glass.com.ua/gilotinatwin,Вертикально-сдвижная автоматическая система GILIOTINA TWIN,https://bezramne.space-glass.com.ua/gilotinatwin,,,https://space-glass.com.ua/ru/bezramne-sklinnya/giljotynni-systemy/,A,GILIOTINA TWIN card on target
https://bezramne.space-glass.com.ua/centrum,Системы Безрамного Остекления - CENTRUM,https://bezramne.space-glass.com.ua/centrum,,,https://space-glass.com.ua/ru/bezramne-sklinnya/bezporogovi-systemy/,A,CENTRUM card on target
https://bezramne.space-glass.com.ua/momentum,Системы Безрамного Остекления - MOMENTUM,https://bezramne.space-glass.com.ua/momentum,,,https://space-glass.com.ua/ru/bezramne-sklinnya/bezporogovi-systemy/,A,MOMENTUM card on target
https://bezramne.space-glass.com.ua/atrium,Системы Безрамного Остекления - ATRIUM,https://bezramne.space-glass.com.ua/atrium,,,https://space-glass.com.ua/ru/bezramne-sklinnya/bezporogovi-systemy/,A,ATRIUM card on target
https://bezramne.space-glass.com.ua/delivery,Доставка продукции Space Glass,https://bezramne.space-glass.com.ua/delivery,,,https://space-glass.com.ua/ru/delivery-payment/,A,delivery
https://bezramne.space-glass.com.ua/contacts,Контакты Space Glass,https://bezramne.space-glass.com.ua/contacts,,,https://space-glass.com.ua/ru/contacts/,A,contacts
https://bezramne.space-glass.com.ua/page5547567.html,Copy of Blank page,https://bezramne.space-glass.com.ua/page5547567.html,,,,C,Tilda blank page copy
https://bezramne.space-glass.com.ua/page8011573.html,Copy of Copy of Blank page,https://bezramne.space-glass.com.ua/page8011573.html,,,,C,Tilda blank page copy
https://bezramne.space-glass.com.ua/page43448302.html,Ошибка 404,https://bezramne.space-glass.com.ua/error,,,,C,Tilda error page served with 200
https://bezramne.space-glass.com.ua/error,Ошибка 404,https://bezramne.space-glass.com.ua/error,,,,C,Tilda error page served with 200
https://bezramne.space-glass.com.ua/skladnue,COOOPPPPIIIIСистемы Безрамного Остекления,https://bezramne.space-glass.com.ua/skladnue,,,https://space-glass.com.ua/ru/bezramne-sklinnya/povorotno-skladni-systemy/,A,"approved 2026-10-10: ""All folding systems"" tab of the catalogue (BUTTERFLY, TIARA MAX/TWIN...); junk title"
https://bezramne.space-glass.com.ua/butterfly,Системы Безрамного Остекления - BUTTERFLY,https://bezramne.space-glass.com.ua/butterfly,,,https://space-glass.com.ua/ru/bezramne-sklinnya/povorotno-skladni-systemy/,A,"approved 2026-10-10: BUTTERFLY is a bottom-running folding ""book"" system, listed under folding systems on the old site; model not on the new site"
https://bezramne.space-glass.com.ua/floppyspin,Системы Безрамного Остекления - FLOPPY SPIN,https://bezramne.space-glass.com.ua/floppyspin,,,https://space-glass.com.ua/ru/bezramne-sklinnya/bezporogovi-systemy/,A,"approved 2026-10-10: hanging threshold-less system; old site groups it with CENTRUM/MOMENTUM/ATRIUM, whose cards are on the target; model not on the new site"
https://bezramne.space-glass.com.ua/floppyparking,Системы Безрамного Остекления - FLOPPY PARKING,https://bezramne.space-glass.com.ua/floppyparking,,,https://space-glass.com.ua/ru/bezramne-sklinnya/bezporogovi-systemy/,A,approved 2026-10-10: same as floppyspin
https://bezramne.space-glass.com.ua/o-nas,О НАС,https://bezramne.space-glass.com.ua/o-nas,16,0,https://space-glass.com.ua/ru/about/,A,"approved 2026-10-10: about page, but the text is only about frameless glazing"
https://bezramne.space-glass.com.ua/ourwork,НАШИ РАБОТЫ,https://bezramne.space-glass.com.ua/ourwork,,,https://space-glass.com.ua/ru/project/,A,approved 2026-10-10: gallery of frameless works; target is the general RU portfolio (has a frameless filter)
